BEGIN TRANSACTION;CREATE TABLE category (
    id INTEGER PRIMARY KEY AUTOINCREMENT,
    name TEXT NOT NULL UNIQUE
);INSERT INTO "category" VALUES(1,'Женская обувь');INSERT INTO "category" VALUES(2,'Мужская обувь');CREATE TABLE customer_order (
    id INTEGER PRIMARY KEY,
    order_date TEXT NOT NULL,
    delivery_date TEXT NOT NULL,
    pickup_point_id INTEGER NOT NULL REFERENCES pickup_point(id),
    customer_id INTEGER NOT NULL REFERENCES user(id),
    receive_code INTEGER NOT NULL,
    status_id INTEGER NOT NULL REFERENCES order_status(id)
);INSERT INTO "customer_order" VALUES(1,'2025-02-27','2025-04-20',1,4,901,2);INSERT INTO "customer_order" VALUES(2,'2022-09-28','2025-04-21',11,1,902,2);INSERT INTO "customer_order" VALUES(3,'2025-03-21','2025-04-22',2,2,903,2);INSERT INTO "customer_order" VALUES(4,'2025-02-20','2025-04-23',11,3,904,2);INSERT INTO "customer_order" VALUES(5,'2025-03-17','2025-04-24',2,4,905,2);INSERT INTO "customer_order" VALUES(6,'2025-03-01','2025-04-25',15,1,906,2);INSERT INTO "customer_order" VALUES(7,'30.02.2025','2025-04-26',3,2,907,2);INSERT INTO "customer_order" VALUES(8,'2025-03-31','2025-04-27',19,3,908,1);INSERT INTO "customer_order" VALUES(9,'2025-04-02','2025-04-28',5,4,909,1);INSERT INTO "customer_order" VALUES(10,'2025-04-03','2025-04-29',19,4,910,1);CREATE TABLE manufacturer (
    id INTEGER PRIMARY KEY AUTOINCREMENT,
    name TEXT NOT NULL UNIQUE
);INSERT INTO "manufacturer" VALUES(1,'Alessio Nesca');INSERT INTO "manufacturer" VALUES(2,'CROSBY');INSERT INTO "manufacturer" VALUES(3,'Kari');INSERT INTO "manufacturer" VALUES(4,'Marco Tozzi');INSERT INTO "manufacturer" VALUES(5,'Rieker');INSERT INTO "manufacturer" VALUES(6,'Рос');CREATE TABLE order_item (
    id INTEGER PRIMARY KEY AUTOINCREMENT,
    order_id INTEGER NOT NULL REFERENCES customer_order(id) ON DELETE CASCADE,
    product_article TEXT NOT NULL REFERENCES product(article),
    quantity INTEGER NOT NULL CHECK(quantity > 0)
);INSERT INTO "order_item" VALUES(1,1,'А112Т4',2);INSERT INTO "order_item" VALUES(2,1,'F635R4',2);INSERT INTO "order_item" VALUES(3,2,'H782T5',1);INSERT INTO "order_item" VALUES(4,2,'G783F5',1);INSERT INTO "order_item" VALUES(5,3,'J384T6',10);INSERT INTO "order_item" VALUES(6,3,'D572U8',10);INSERT INTO "order_item" VALUES(7,4,'F572H7',5);INSERT INTO "order_item" VALUES(8,4,'D329H3',4);INSERT INTO "order_item" VALUES(9,5,'А112Т4',2);INSERT INTO "order_item" VALUES(10,5,'F635R4',2);INSERT INTO "order_item" VALUES(11,6,'H782T5',1);INSERT INTO "order_item" VALUES(12,6,'G783F5',1);INSERT INTO "order_item" VALUES(13,7,'J384T6',10);INSERT INTO "order_item" VALUES(14,7,'D572U8',10);INSERT INTO "order_item" VALUES(15,8,'F572H7',5);INSERT INTO "order_item" VALUES(16,8,'D329H3',4);INSERT INTO "order_item" VALUES(17,9,'B320R5',5);INSERT INTO "order_item" VALUES(18,9,'G432E4',1);INSERT INTO "order_item" VALUES(19,10,'S213E3',5);INSERT INTO "order_item" VALUES(20,10,'E482R4',5);CREATE TABLE order_status (
    id INTEGER PRIMARY KEY AUTOINCREMENT,
    name TEXT NOT NULL UNIQUE
);INSERT INTO "order_status" VALUES(1,'Новый');INSERT INTO "order_status" VALUES(2,'Завершен');CREATE TABLE pickup_point (
    id INTEGER PRIMARY KEY AUTOINCREMENT,
    address TEXT NOT NULL UNIQUE
);INSERT INTO "pickup_point" VALUES(1,'125061, г. Лесной, ул. Подгорная, 8');INSERT INTO "pickup_point" VALUES(2,'630370, г. Лесной, ул. Шоссейная, 24');INSERT INTO "pickup_point" VALUES(3,'400562, г. Лесной, ул. Зеленая, 32');INSERT INTO "pickup_point" VALUES(4,'614510, г. Лесной, ул. Маяковского, 47');INSERT INTO "pickup_point" VALUES(5,'410542, г. Лесной, ул. Светлая, 46');INSERT INTO "pickup_point" VALUES(6,'620839, г. Лесной, ул. Цветочная, 8');INSERT INTO "pickup_point" VALUES(7,'443890, г. Лесной, ул. Коммунистическая, 1');INSERT INTO "pickup_point" VALUES(8,'603379, г. Лесной, ул. Спортивная, 46');INSERT INTO "pickup_point" VALUES(9,'603721, г. Лесной, ул. Гоголя, 41');INSERT INTO "pickup_point" VALUES(10,'410172, г. Лесной, ул. Северная, 13');INSERT INTO "pickup_point" VALUES(11,'614611, г. Лесной, ул. Молодежная, 50');INSERT INTO "pickup_point" VALUES(12,'454311, г.Лесной, ул. Новая, 19');INSERT INTO "pickup_point" VALUES(13,'660007, г.Лесной, ул. Октябрьская, 19');INSERT INTO "pickup_point" VALUES(14,'603036, г. Лесной, ул. Садовая, 4');INSERT INTO "pickup_point" VALUES(15,'394060, г.Лесной, ул. Фрунзе, 43');INSERT INTO "pickup_point" VALUES(16,'410661, г. Лесной, ул. Школьная, 50');INSERT INTO "pickup_point" VALUES(17,'625590, г. Лесной, ул. Коммунистическая, 20');INSERT INTO "pickup_point" VALUES(18,'625683, г. Лесной, ул. 8 Марта');INSERT INTO "pickup_point" VALUES(19,'450983, г.Лесной, ул. Комсомольская, 26');INSERT INTO "pickup_point" VALUES(20,'394782, г. Лесной, ул. Чехова, 3');INSERT INTO "pickup_point" VALUES(21,'603002, г. Лесной, ул. Дзержинского, 28');INSERT INTO "pickup_point" VALUES(22,'450558, г. Лесной, ул. Набережная, 30');INSERT INTO "pickup_point" VALUES(23,'344288, г. Лесной, ул. Чехова, 1');INSERT INTO "pickup_point" VALUES(24,'614164, г.Лесной,  ул. Степная, 30');INSERT INTO "pickup_point" VALUES(25,'394242, г. Лесной, ул. Коммунистическая, 43');INSERT INTO "pickup_point" VALUES(26,'660540, г. Лесной, ул. Солнечная, 25');INSERT INTO "pickup_point" VALUES(27,'125837, г. Лесной, ул. Шоссейная, 40');INSERT INTO "pickup_point" VALUES(28,'125703, г. Лесной, ул. Партизанская, 49');INSERT INTO "pickup_point" VALUES(29,'625283, г. Лесной, ул. Победы, 46');INSERT INTO "pickup_point" VALUES(30,'614753, г. Лесной, ул. Полевая, 35');INSERT INTO "pickup_point" VALUES(31,'426030, г. Лесной, ул. Маяковского, 44');INSERT INTO "pickup_point" VALUES(32,'450375, г. Лесной ул. Клубная, 44');INSERT INTO "pickup_point" VALUES(33,'625560, г. Лесной, ул. Некрасова, 12');INSERT INTO "pickup_point" VALUES(34,'630201, г. Лесной, ул. Комсомольская, 17');INSERT INTO "pickup_point" VALUES(35,'190949, г. Лесной, ул. Мичурина, 26');CREATE TABLE product (
    id INTEGER PRIMARY KEY AUTOINCREMENT,
    article TEXT NOT NULL UNIQUE,
    name TEXT NOT NULL,
    unit_id INTEGER NOT NULL REFERENCES unit(id),
    price REAL NOT NULL CHECK(price >= 0),
    supplier_id INTEGER NOT NULL REFERENCES supplier(id),
    manufacturer_id INTEGER NOT NULL REFERENCES manufacturer(id),
    category_id INTEGER NOT NULL REFERENCES category(id),
    discount_percent INTEGER NOT NULL DEFAULT 0 CHECK(discount_percent >= 0 AND discount_percent <= 100),
    stock_quantity INTEGER NOT NULL DEFAULT 0 CHECK(stock_quantity >= 0),
    description TEXT NOT NULL,
    image_path TEXT
);INSERT INTO "product" VALUES(1,'А112Т4','Ботинки',1,4990.0,1,3,1,3,6,'Женские Ботинки демисезонные kari','resources/images/1.jpg');INSERT INTO "product" VALUES(2,'F635R4','Ботинки',1,3244.0,2,4,1,2,13,'Ботинки Marco Tozzi женские демисезонные, размер 39, цвет бежевый','resources/images/2.jpg');INSERT INTO "product" VALUES(3,'H782T5','Туфли',1,4499.0,1,3,2,4,5,'Туфли kari мужские классика MYZ21AW-450A, размер 43, цвет: черный','resources/images/3.jpg');INSERT INTO "product" VALUES(4,'G783F5','Ботинки',1,5900.0,1,6,2,2,8,'Мужские ботинки Рос-Обувь кожаные с натуральным мехом','resources/images/4.jpg');INSERT INTO "product" VALUES(5,'J384T6','Ботинки',1,3800.0,2,5,2,2,16,'B3430/14 Полуботинки мужские Rieker','resources/images/5.jpg');INSERT INTO "product" VALUES(6,'D572U8','Кроссовки',1,4100.0,2,6,2,3,6,'129615-4 Кроссовки мужские','resources/images/6.jpg');INSERT INTO "product" VALUES(7,'F572H7','Туфли',1,2700.0,1,4,1,2,14,'Туфли Marco Tozzi женские летние, размер 39, цвет черный','resources/images/7.jpg');INSERT INTO "product" VALUES(8,'D329H3','Полуботинки',1,1890.0,2,1,1,4,4,'Полуботинки Alessio Nesca женские 3-30797-47, размер 37, цвет: бордовый','resources/images/8.jpg');INSERT INTO "product" VALUES(9,'B320R5','Туфли',1,4300.0,1,5,1,2,6,'Туфли Rieker женские демисезонные, размер 41, цвет коричневый','resources/images/9.jpg');INSERT INTO "product" VALUES(10,'G432E4','Туфли',1,2800.0,1,3,1,3,15,'Туфли kari женские TR-YR-413017, размер 37, цвет: черный','resources/images/10.jpg');INSERT INTO "product" VALUES(11,'S213E3','Полуботинки',1,2156.0,2,2,2,3,6,'407700/01-01 Полуботинки мужские CROSBY','resources/images/picture.png');INSERT INTO "product" VALUES(12,'E482R4','Полуботинки',1,1800.0,1,3,1,2,14,'Полуботинки kari женские MYZ20S-149, размер 41, цвет: черный','resources/images/picture.png');INSERT INTO "product" VALUES(13,'S634B5','Кеды',1,5500.0,2,2,2,3,0,'Кеды Caprice мужские демисезонные, размер 42, цвет черный','resources/images/picture.png');INSERT INTO "product" VALUES(14,'K345R4','Полуботинки',1,2100.0,2,2,2,2,3,'407700/01-02 Полуботинки мужские CROSBY','resources/images/picture.png');INSERT INTO "product" VALUES(15,'O754F4','Туфли',1,5400.0,2,5,1,4,18,'Туфли женские демисезонные Rieker артикул 55073-68/37','resources/images/picture.png');INSERT INTO "product" VALUES(16,'G531F4','Ботинки',1,6600.0,1,3,1,12,9,'Ботинки женские зимние ROMER арт. 893167-01 Черный','resources/images/picture.png');INSERT INTO "product" VALUES(17,'J542F5','Тапочки',1,500.0,1,3,2,13,0,'Тапочки мужские Арт.70701-55-67син р.41','resources/images/picture.png');INSERT INTO "product" VALUES(18,'B431R5','Ботинки',1,2700.0,2,5,2,2,5,'Мужские кожаные ботинки/мужские ботинки','resources/images/picture.png');INSERT INTO "product" VALUES(19,'P764G4','Туфли',1,6800.0,1,2,1,15,15,'Туфли женские, ARGO, размер 38','resources/images/picture.png');INSERT INTO "product" VALUES(20,'C436G5','Ботинки',1,10200.0,1,1,1,15,9,'Ботинки женские, ARGO, размер 40','resources/images/picture.png');INSERT INTO "product" VALUES(21,'F427R5','Ботинки',1,11800.0,2,5,1,15,11,'Ботинки на молнии с декоративной пряжкой FRAU','resources/images/picture.png');INSERT INTO "product" VALUES(22,'N457T5','Полуботинки',1,4600.0,1,2,1,3,13,'Полуботинки Ботинки черные зимние, мех','resources/images/picture.png');INSERT INTO "product" VALUES(23,'D364R4','Туфли',1,12400.0,1,3,1,16,5,'Туфли Luiza Belly женские Kate-lazo черные из натуральной замши','resources/images/picture.png');INSERT INTO "product" VALUES(24,'S326R5','Тапочки',1,9900.0,2,2,2,17,15,'Мужские кожаные тапочки "Профиль С.Дали"','resources/images/picture.png');INSERT INTO "product" VALUES(25,'L754R4','Полуботинки',1,1700.0,1,3,1,2,7,'Полуботинки kari женские WB2020SS-26, размер 38, цвет: черный','resources/images/picture.png');INSERT INTO "product" VALUES(26,'M542T5','Кроссовки',1,2800.0,2,5,2,18,3,'Кроссовки мужские TOFA','resources/images/picture.png');INSERT INTO "product" VALUES(27,'D268G5','Туфли',1,4399.0,2,5,1,3,12,'Туфли Rieker женские демисезонные, размер 36, цвет коричневый','resources/images/picture.png');INSERT INTO "product" VALUES(28,'T324F5','Сапоги',1,4699.0,1,2,1,2,5,'Сапоги замша Цвет: синий','resources/images/picture.png');INSERT INTO "product" VALUES(29,'K358H6','Тапочки',1,599.0,1,5,2,20,2,'Тапочки мужские син р.41','resources/images/picture.png');INSERT INTO "product" VALUES(30,'H535R5','Ботинки',1,2300.0,2,5,1,2,7,'Женские Ботинки демисезонные','resources/images/picture.png');CREATE TABLE role (
    id INTEGER PRIMARY KEY AUTOINCREMENT,
    name TEXT NOT NULL UNIQUE
);INSERT INTO "role" VALUES(1,'Гость');INSERT INTO "role" VALUES(2,'Авторизированный клиент');INSERT INTO "role" VALUES(3,'Менеджер');INSERT INTO "role" VALUES(4,'Администратор');CREATE TABLE supplier (
    id INTEGER PRIMARY KEY AUTOINCREMENT,
    name TEXT NOT NULL UNIQUE
);INSERT INTO "supplier" VALUES(1,'Kari');INSERT INTO "supplier" VALUES(2,'Обувь для вас');CREATE TABLE unit (
    id INTEGER PRIMARY KEY AUTOINCREMENT,
    name TEXT NOT NULL UNIQUE
);INSERT INTO "unit" VALUES(1,'шт.');CREATE TABLE user (
    id INTEGER PRIMARY KEY AUTOINCREMENT,
    full_name TEXT NOT NULL,
    login TEXT NOT NULL UNIQUE,
    password TEXT NOT NULL,
    role_id INTEGER NOT NULL REFERENCES role(id)
);INSERT INTO "user" VALUES(1,'Никифорова Весения Николаевна','94d5ous@gmail.com','uzWC67',4);INSERT INTO "user" VALUES(2,'Сазонов Руслан Германович','uth4iz@mail.com','2L6KZG',4);INSERT INTO "user" VALUES(3,'Одинцов Серафим Артёмович','yzls62@outlook.com','JlFRCZ',4);INSERT INTO "user" VALUES(4,'Степанов Михаил Артёмович','1diph5e@tutanota.com','8ntwUp',3);INSERT INTO "user" VALUES(5,'Ворсин Петр Евгеньевич','tjde7c@yahoo.com','YOyhfR',3);INSERT INTO "user" VALUES(6,'Старикова Елена Павловна','wpmrc3do@tutanota.com','RSbvHv',3);INSERT INTO "user" VALUES(7,'Михайлюк Анна Вячеславовна','5d4zbu@tutanota.com','rwVDh9',2);INSERT INTO "user" VALUES(8,'Ситдикова Елена Анатольевна','ptec8ym@yahoo.com','LdNyos',2);INSERT INTO "user" VALUES(9,'Ворсин Петр Евгеньевич','1qz4kw@mail.com','gynQMT',2);INSERT INTO "user" VALUES(10,'Старикова Елена Павловна','4np6se@mail.com','AtnDjr',2);DELETE FROM "sqlite_sequence";INSERT INTO "sqlite_sequence" VALUES('role',4);INSERT INTO "sqlite_sequence" VALUES('category',2);INSERT INTO "sqlite_sequence" VALUES('manufacturer',6);INSERT INTO "sqlite_sequence" VALUES('supplier',2);INSERT INTO "sqlite_sequence" VALUES('unit',1);INSERT INTO "sqlite_sequence" VALUES('pickup_point',35);INSERT INTO "sqlite_sequence" VALUES('order_status',2);INSERT INTO "sqlite_sequence" VALUES('user',10);INSERT INTO "sqlite_sequence" VALUES('product',30);INSERT INTO "sqlite_sequence" VALUES('order_item',20);COMMIT;